chichewa,en_baseline,hi_baseline,en_augmented,hi_augmented,drift_baseline,drift_augmented
inapangidwa kuti iwone zokhoma za bizinesi za zaka za mu 21st century ndipo ndife odzipereka kukumana ndi zobetchera mopambana ku mbali zonse,It was designed for 21st - century business managers and for us to meet up with the top - paying facilities,यह 21वींसदीकेबिज़नेसमैनेजरोंकेलिएबनायागयाथा।,It was designed for 21st - century business officials and for us to meet up with high - paying housing,यह 21वींसदीकेव्यापारअधिकारियोंकेलिएबनायागयाथाऔरहमेंऊँची - ऊँचीज़मीनपररहनेकेलिएकहागयाथा,0.7200965,0.71534127
"choyambirira cha zimenezo, ndikudzipereka kwathu popanga bizinesi mwa chilungamo chathunthu","First of all, it is our dedication to make a full - time business","सबसेपहले, पूरेसमयकेकामकरनेकेलिएहमारासमर्पण","First, our dedication is to make a business operations","सबसेपहले, हमारासमर्पणएकव्यापारकार्यकरनेकेलिएहै",0.8951203,0.77285016
"kudziwika kwathu kwapadziko lonse chifukwa cha chikhalidwe chathu chabwino ndi kudalilika pochita bizinesi, kumene kwapangidwa ndi anthu ambiri kwa zaka zambiri, kudzayesedwa ndi kuonedwa mu bizinesi iliyonse imene tikupanga","Our international reputation because of our good culture and business position, which has been produced by many over the years, will be tested and seen in whatever business we are making","हमारीअच्छीसंस्कृतिऔरव्यवसायपदकेकारण, जोकईवर्षोंसेउत्पन्‍नहुआहै, हमारीअंतर्राष्ट्रीयप्रतिष्ठापरखीजाएगीऔरजोभीव्यवसायहमकररहेहैंउसमेंदेखीजाएगी","Our worldwide reputation because of our good culture and business environment, many of which have been built up for years, will be tested and seen in whatever business we are making",हमारीअच्छीसंस्कृतिऔरबिज़नेसकेमाहौलकीवजहसेदुनिया - भरमेंबहुत - सेलोगोंकीपरीक्षाहोरहीहै।,0.83378553,0.88152367
"tili pa dziko lonse lapansi, mwamphamvu ndiponso timalondola zimene kasitomala wafuna koposa kale","We are throughout the world, exerting ourselves and pursuing what a customers wants more than ever",हमपूरीदुनियामेंजीरहेहैं।,"All over the world, we are trying to do what customers want more than ever","दुनियाभरमें, हमग्राहकोंकोपहलेसेकहींज़्यादाक्याकरनाचाहतेहैंकरनेकीकोशिशकररहेहैं",0.83165836,0.87783545
koma chikhumbokhumbo chopambana ndi kukwaniritsa kasitomala chimayamba ndikutsirizika ndi kudzipereka kwathu potsatila malamulo ndi kuchita mwachilungamo ndipo ngati kampani imene ikupezeka pa dziko lonse lapansi tikuyenera kupanga ndikutsatira malamulo amene akonzedwa a padziko lonse,but a keen desire and the satisfying of a customers begin and end up in our devotion to law enforcement and justice and should the company that is available around the world make and follow international laws that are designed,लेकिनएकतीव्रइच्छाऔरएकग्राहककेसंतोषऔरकानूनकेप्रतिहमारीभक्‍तिमेंआरंभऔरसमाप्तहोजानाचाहिएऔरवहकंपनीजोसंसारभरमेंउपलब्धहैऔरउनअंतर्राष्ट्रीयनियमोंकापालनकरनाचाहिएजोबनाईजातीहैं,but the great desire and satisfaction of customers begin and end in our devotion to legal authority and justice and if the company that exists around the world makes and follows international laws made,लेकिनकानूनीअधिकारऔरन्यायकेप्रतिहमारीभक्‍तिऔरअंतमेंग्राहकोंकीबड़ीइच्छाऔरसंतुष्टिशुरूहोतीहैऔरअगरदुनियाभरमेंमौजूदकंपनीकेनियमोंकापालनकरतीहैऔरइसकेबादअंतर्राष्ट्रीयकानूनबनाएजातेहैं,0.8302689,0.8486631
m’ndandanda wa malamulo athu wochitira bizinesi ndi umene ukutitsogoza ku mchitidwe wotsatira malamulo moyenera,A list of our business laws and what leads us to proper rules,हमारेव्यापारनियमोंकीसूचीऔरकौन - सीबातहमेंउचितनियमोंकीओरलेजातीहै,The list of our business laws and what leads us to reasonable rules,हमारेव्यापारनियमोंकीसूचीऔरकौन - सीबातहमेंतर्कसंगतनियमोंकीओरलेजातीहै,0.9715084,0.97418815
ukufotokoza bwino za zimene kampani yikuyembekeza kumbali ya chikhalidwe mokhudzana ndi malamulo ndizoyenera kutsatiridwa ndi wolembedwa ntchito aliyense – chipangano choyenera kutsatilidwa pamene wina walembedwa ntchito,makes clear what the company is waiting for on the cultural side of the legal and legal basis for each employee to sign a contract to be signed when someone is hired,इससेसाफपताचलताहैकिकंपनीकानूनीऔरकानूनीतौरपरकानूनीतौरपरकानूनीआधारपरइंतज़ारकररहीहै।,makes clear what the company is waiting for on a legal and legal basis for each employee to sign a signed agreement when one is hired,इससेसाफपताचलताहैकिकंपनीकोकानूनीऔरकानूनीआधारपरइंतज़ारहै।,1.0496024,0.97061443
"ma dayilekitala a aoi, ma ofisala, antchito ndi wothandizira akuyenera kupanga bizinesi mogwirizana ndi zoyenera kutsatiridwa, chilungamo kumbali ya chuma ndi ndalama","Anoi managers, officers, employees and assistants must make a business according to what is expected, justice on the part of wealth and money","धन - दौलतऔरपैसोंकेमामलेमें, कर्मचारियोंऔरसहायकोंकोएकव्यापारकरनाचाहिए","The managers, police, employees, and helpers must conduct business according to what is expected, justice on the part of wealth and money","मैनेजर, पुलिस, कर्मचारियों, औरसहायकोंकोजोअपेक्षाकीजातीहैउसकेअनुसारव्यापारकरनाचाहिए, धन - दौलतऔरपैसेकेपीछेन्याय",0.782228,0.5751529
"tonse timakhala ndi zinthu zimene zimafuna nthawi yathu, koma uthenga umene uli mu m’ndandanda wa malamulo (cbc) udzagwira ntchito ngati mwatenga nthawi ndikuyesetsa kuwuwerenga ndikuchita mobvomerezana ndi ndondomekoyi pochita bizinesi","All of us have things that require our time, but the message contained in the legal code (cbc) will work if you take time to read it and work in harmony with it in business dealings","हमसभीकेपासऐसीचीज़ेंहैंजोहमारेसमयकीमाँगकरतीहैं, लेकिनकानूनीकोड (ccc) मेंदिएगएसंदेशकाप्रयोगकरनाहोगायदिआपउसेपढ़नेऔरउसकेसामंजस्यमेंकामकरनेकेलिएसमयनिकालतेहैं","All of us have things that require our time, but the message of law (cc) will work if you set aside time for reading and acting accordingly","हमसबकेपासऐसीबातेंहैंजोहमारेसमयकीमाँगकरतीहैं, लेकिनकानूनकासंदेश (cc) अगरआपपढ़नेऔरउसकेमुताबिककामकरनेकेलिएसमयअलगरखतेहैं",0.8447997,0.90264666
"ngati mbali ya malamulowa siyikumveka kapena muli ndi mafunso pa zimene mukukumana nazo, mukambirane za madandaulo anuwo ndi bwana wanu, woyimilira depatimenti ya oyang’anira ogwira ntchito, ofisala wa corporate compliance kapena dayilekita wa corporate compliance","If you do not hear or have questions about what you are experiencing, discuss your complaints with your employer, security officer, job manager, project officer of horporate radiocce, or corporapiance","यदिआपअपनेमालिक, सुरक्षाअधिकारी, नौकरीमैनेजरकेसाथअपनीशिकायतोंकेबारेमेंनहींसुनतेयाउनकेबारेमेंसवालनहींकरतेहैं, तोअपनेमालिककेसाथअपनीशिकायतोंपरचर्चाकीजिए।","If you have not heard or heard questions about your situation, discuss your complaints with your employer, security director, manager, director of a radio company, or radio company","अगरआपनेअपनीस्थितिकेबारेमेंसवालनहींसुनेहैंयासुनाहै, तोअपनेमालिक, सुरक्षानिर्देशक, मैनेजर, रेडियोकंपनीकेनिर्देशक, यारेडियोकंपनीकेनिर्देशककेसाथअपनीशिकायतोंपरचर्चाकीजिए",0.7663951,0.7435777
mungathenso kuyimba foni pa nambala yowona za compliance ya alliance one kuchokera kwina kuli konse kumene muli pa dziko lonse lapansi kudzera ku nambala ya ulere kapena pa webu sayiti,You can also call on aventiance telephone to see from elsewhere in the world by means of a free number or a credit card number,आपमुफ्तसंख्यायाक्रेडिटकार्डनंबरकेज़रिएदुनिया - भरमेंकहींसेदेखसकतेहैं।,You can also call others from other countries to see you by the number or number of a credit card,आपअन्यदेशोंसेदूसरेलोगोंकोभीफोनकरसकतेहैंताकिवेआपकोक्रेडिटकार्डकेनंबरयासंख्यासेदेखसकें,0.7039966,0.76047045
kukolana kwa zofuna za munthu ndi kampani kumachitika pamene zofuna zamunthu zikuwoneka kuti zikukhulana ndi zochita za kampani,The conflict between individuals and companies takes place when one's demands seem to fit in with the company's activities,व्यक्तिऔरकंपनियोंकेबीचसंघर्षजबएककीमांगकंपनीकेकार्योंकेसाथफिटप्रतीतहोताहै,Misunderstandings between individuals and companies seem to harmonize with company activity,एकव्यक्‍तिऔरकंपनियोंकेबीचभेद - भावकंपनीकेकामसेमेलखाताप्रतीतहोताहै,0.86246216,0.9619311
"kukolanaku kungathe kukula ngati dayilekitala, ofisala, wogwira ntchito kapena wothandizira apanga zinthu zimene zingapangitse kugwira ntchito kwake bwino bwino kuti kusokonezeke","It can grow in size if the director, officer, worker, or helper makes things work out as well as his work so as not to get out of control","यहआकारमेंबढ़सकताहैयदिनिर्देशक, अधिकारी, कारीगर, यासहायककामकरताहै, साथहीउसकेकार्यकोनियंत्रणसेबाहरनहींनिकलनेकेलिए","It can grow if an elder, an officer, an employee, or a helper makes things work along with his work so that he does not lose control","यहबढ़सकताहैयदिएकप्राचीन, एककर्मचारी, याएकसहायककामकरताहैअपनेकामकेसाथकामकरताहैताकिवहनियंत्रणखोनदे",0.79375005,0.8898355
"mkangano ungakhalepo ngati dayilekitala, ofisala, wogwira ntchito kapena wothandizira kapena a pa banja lake alandila ma benefiti molingana ndi ntchito yake ku kampani","A conflict may exist if the director, an officer, an employee or a helper or a member of his family were to be adopted according to his work at the company","अगरअधिकारी, कर्मचारीयासहायकयाअपनेपरिवारकेकिसीसदस्यकोकंपनीमेंअपनेकामकेमुताबिकगोदलियाजाए, तोहोसकताहैवहविरोधकासामनाकररहाहो","War could exist if an elder, an officer, an employee, or a member of his family were to be taken away according to his job at the company","अगरएकप्राचीन, एककर्मचारी, याउसकेपरिवारकेएकसदस्यकोकंपनीमेंअपनेकामकेअनुसारहटादियाजाएतोयुद्धमौजूदहोसकताहै",0.8358686,0.86074823
"kugulitsa masheya, kuphumitsa kampani mwayi wa bizinesi, kupanga bizinesi ndi zina mwa zinthu zomwe zingapangitse kuti pakhale kukolana pakati pazofuna zanu ndi zakampani","The market, the company's promotion of business opportunities, the business industry, and some of the factors that can contribute to the tension between your wishes and your company","बाजार, व्यापारअवसरों, व्यापारउद्योग, औरकुछकारणोंकेकंपनीकीप्रगतिहैकिआपऔरअपनीकंपनीकेबीचतनावमेंयोगदानदेसकतेहैं","Business, business, and other factors that may put you in conflict with your company","व्यापार, व्यापार, औरअन्यतत्त्वजोशायदआपकोअपनीकंपनीकेविरोधमेंडालदें",0.800289,0.8796505
zinthu zomwe zingapangitse kuti pakhale kukolana zikuyenera kunenedwa polemba kalata kwa ccdcco kapena clo komanso mapepala ake onse akuyenera kuperekedwa molingana ndi malamulo,The reasons for the gathering should be written in a letter to ccdcco or clo as well as all its paper should be given according to legal requirements,"इकट्ठाहोनेकेकारणकोकोशकोयाकोलोको, साथहीइसकेसारेकागजकोकानूनीमाँगोंकेअनुसारदियाजानाचाहिए",The reasons for the convention should be written in a letter to the cuccco or clo as well as all its papers should be given according to legal requirements,"अधिवेशनकेकारणकोकूकोयाकोलोकेलिएएकपत्रमें, साथहीउसकेसारेकागजोंकोकानूनीमाँगोंकेअनुसारदियाजानाचाहिए",0.6837375,0.74632746
kukhala ndi zinthu zopangitsa kuti pakhale kukolana sikuswa malamulo athu akagwiridwe ka ntchito koma kulephera kunena ku kampani za zinthuzo,Having things to make a difference does not violate our rules when they work but fail to talk to the company of things,"जबहमारेकाममेंकोईफर्कपड़ताहै, तोहमअपनेनियमोंकाउल्लंघननहींकरतेबल्किमामलोंकीसंगतिसेबातकरनेसेचूकजातेहैं",Having things to change does not violate our rules while working but fail to communicate with people,कुछबदलावकरनेकीवजहसेहमलोगोंकेसाथबातचीतकरनेमेंनाकामहोजातेहैं,0.89290595,0.82633096
wotheka ndi wowona,Possible and true,संभावितऔरसही,It is both possible and true,यहसंभवऔरसहीदोनोंहै,0.5926696,0.64213437
"zolengeza chiongola dzanja kapena zongoyerekeza, kusintha, zimene zinalengezedwa kale kapena zongoyerekeza;","Proclaimers can make a hand or an estimate, change, that was already announced or illustrated;","राज्यउद्‌घोषकएकहाथयाअनुमान, परिवर्तनकरसकतेहैंजोपहलेहीघोषितकियागयाथायासचित्रितकियागयाथा;","Proclaimers can make a hand or imagine, change, which was already announced or illustrated;","राज्यउद्‌घोषकएकहाथयाकल्पनाकरसकतेहैं, जोपहलेहीघोषितकियागयाथायासचित्रितकियागयाथा;",0.59375125,0.5936362
zotsatira za chuma;,The result of wealth;,मालबहुतसेबेटेरखताहै,Economic consequences;,आर्थिकपरिणाम;,0.70699453,0.7813497
zolembedwa ndi zowonjezeredwa ku ngongole zamgonagona;,Writings and additions to debt are sleeping;,कितुमभीतुलामेंसीमाकाउल्लंघननकरो,Writing and increasing debt are asleep;,और (मौतकीतकलीफ़से) पिन्डलीसेपिन्डलीलिपटजाएगी,0.5101604,0.46688092
kukuza kapena kuchepetsa magwiridwe a ntchito;,to expand or reduce work activity;,कामकोबढ़ानेयाकमकरनेकेलिए,Adding to or limit work;,जोड़रहेहैंयासीमापर;,0.87224317,0.7394194
"katundu wa tsopano, zopangidwa ndi zozindikiridwa mwatsopano;","The goods now, made with new understanding;",अबसामाननईसमझकेसाथबनायाहै।,"now possessions, made up of new understandings;","अबसंपत्ति, नईसमझकीबनीहुईहै।",0.5471107,0.63094527
milandu yayikulu kapena zochita za boma,Serious or governmental cases,गंभीरयासरकारीमामले,Serious or governmental issues,गंभीरयासरकारीसमस्याएँ,0.49898136,0.7781483
"kuphatikizana zogulidwa, zonenera malonda, kugwirira ntchito limodzi ndi makampani ena kapena zosintha ku katundu wa kampani;","linking shopping, advertising, working with other companies or changing company property;","खरीदारीकरना, विज्ञापनदेना, अन्यकंपनियोंकेसाथकामकरनायाकंपनीकीसंपत्तिबदलदेना;","The link between shopping, advertising, working with other companies or changing company space;","खरीदारी, विज्ञापन, अन्यकंपनियोंकेसाथकामकरने, याकंपनीकीजगहबदलनेकेबीचकीकड़ी;",0.89317024,0.8509176
kusintha kwa oyendetsa kampani ndi njira zatsopano,A change in company management is new,कंपनीप्रबंधनमेंएकपरिवर्तननयाहै,A change in company organization is new,कंपनीसंगठनमेंएकपरिवर्तननयाहै,0.900268,0.9097173
zokhudza kayendetsedwe ka kampani;,with regard to company control;,कंपनीनियंत्रणकेबारेमें,to control the company;,"कंपनीकोनियंत्रितकरनेकेलिए,",0.7528577,0.73938626
kubwereka ndalama kopitiriza muyeso;,to borrow too much; to borrow too much,"बहुतज्यादाउधारलेनेकेलिए, बहुतज्यादाउधारलेनेकेलिए",to borrow too much; to borrow too much,"बहुतज्यादाउधारलेनेकेलिए, बहुतज्यादाउधारलेनेकेलिए",0.5578632,0.5578632
vuto la kapezedwe ka ndalama,The problem of obtaining money,पैसाकमानेकीसमस्या,The challenge of making money,पैसेबनानेकीचुनौती,0.76813936,0.62837076
zosintha za ma auditor kapena chidziwitso cha kampani chochokera kwa auditor kuti kampani siyingadalirenso lipoti ya auditor,The changes in the stock or company's knowledge of a company from critics that the company can no longer rely on a professional report,शेयरयाकंपनीकेज्ञानमेंपरिवर्तन......किकंपनीअबपेशेवररिपोर्टपरभरोसानहींकरसकते,A change in company knowledge or company information from critics that the company can no longer rely on a professional report,कंपनीकेज्ञानयाकंपनीकीजानकारीमेंपरिवर्तनकिकंपनीअबपेशेवररिपोर्टपरनिर्भरनहींकरसकती,0.73950803,0.7285083
zimaononga madera amene tikugwirako ntchito,ruining our place of work,हमारेकामकीजगहबर्बादकररहेहैं,Ruining of our workplace,हमारेकामकातबाहहोना,0.9467404,0.70032495
tikuyenera kutenga nawo mbali pa njira zothandiza kuthetsa ziphuphu,We need to take part in effective measures to combat corruption,भ्रष्टाचारसेलड़नेकेलिएहमेंप्रभावकारीक़दमउठानेकीज़रूरतहै,We need to take part in effective ways to cope with corruption,भ्रष्टाचारकासामनाकरनेकेलिएहमेंअसरदारतरीकेसेहिस्सालेनाहोगा,1.0285933,0.9964193
aliyense wa ife ayenera kutsatira malamulo onse odana ndi ziphuphu,Each of us must comply with all the laws against corruption,हममेंसेहरेककोभ्रष्टाचारकेविरुद्धसभीनियमोंकापालनकरनाचाहिए,Each of us must obey all laws against corruption,हममेंसेहरेककोभ्रष्टाचारकेविरुद्धसभीनियमोंकापालनकरनाचाहिए,0.907552,0.907552
awa ndi malamulo a dziko limodzi amene amaletsa katangale mu mayiko ena,These are the laws of one country that forbid corruption in other countries,येएकदेशकेकानूनहैंजोदूसरेदेशोंमेंभ्रष्टाचारकोबढ़ावादेताहै,These are the laws of one country that prohibit corruption in other lands,येएकदेशकेकानूनहैंजोदूसरेदेशोंमेंभ्रष्टाचारकोबढ़ावादेताहै,0.7591129,0.7591129
"ngakhale ziphuphu ndi kuswa malamulo ndikulakwira malamulo a kampani, chiphuphu chitaperekedwa kwa wogwira ntchito m’boma kapena munthu wamba, kasitomala kapena sapulaya, wogwira ntchito ku alliance one akuyenera kudziwa zimenezi","Even if corruption and corruption are a violation of company laws, a bribe could be offered to a government worker or a public worker, a customers or a carpenter, an employee at avenance view should know this","अगरभ्रष्टाचारऔरभ्रष्टाचारकंपनीकेनियमोंकाउल्लंघनहै, तबभीसरकारकेकर्मचारीयाजनताकोघूसदियाजासकताहै।","Even if corruption and corruption are a violation of company laws, a bribe may be given to a government worker or a government worker, customers or carpenter, a well - thought - out worker should know this","यदिभ्रष्टाचारऔरभ्रष्टाचारकंपनीकेनियमोंकाउल्लंघनहै, तोभीएकसरकारीकर्मचारीयासरकारीकर्मचारी, ग्राहकोंयाबढ़ईकोघूसदियाजासकताहै।",0.92009395,0.9313613
"ndalama zofanana ndi ndalama, kapena ma benefiti (ma travelling cheque ndi ma benefiti);","Money similar to money, or verbs (travelling reques and verbs);","पैसा, पैसेयाक्रियासेमिलता - जुलता (प्रयोगऔरक्रिया - क्रिया);","Money the equivalent of money, or verb (combs and verbs);","रूपया, पैसेयाक्रिया (कब्बाऔरक्रिया) केबराबरहै;",0.48104835,0.49603665
ntchito zopanga munthu yekha;,Man - made work;,मनुष्य - निर्मितकार्य;,Man - made work;,मनुष्य - निर्मितकार्य;,0.48527908,0.48527908
ntchito kapena kupatsidwa,work or receiving,कार्ययाप्राप्तकरना,Work or receiving,कार्ययाप्राप्तकरना,0.7526903,0.75269026
kuthandiza wosowa ukudziwa kuti upindulepo;,Helping the needy knows that you will benefit;,औरतुमइसक़दरग़ाफ़िलहोतोख़ुदाकेआगेसजदेकियाकरो,Helping needy ones to know that you will benefit;,औरदरिद्रलोगोंकोज़रूरमालूमहोजाएगाकिवहलोगतुम्हारीमददज़रूरकरतेहैं,0.7128527,0.7788498
zopereka kundale ; ndi,magazines to politics; and,राजनीतिकेलिएपत्रिकाएँ; और,political;,राजनैतिक;,0.4880721,0.70743865
"kugwiritsa ntchito katundu wa kampani (kuphatikizapo ndege, nyumba, magalimoto, maboti, ndi zina zotere","The use of company property (including airplanes, homes, cars, boats, and so on)","कंपनीकीसंपत्ति (जिसेहवाई - जहाज़, घर, गाड़ियों, नाव, नाव, इत्यादिभीशामिलहैं) काप्रयोग","Using company property (including airplanes, homes, cars, boats, and so forth)","कंपनीकीसंपत्ति (जिसेहवाईजहाज़, घरों, गाड़ियों, नाव, नाव, इत्यादिशामिलकियाजाताहै) काइस्तेमालकरतेहुए",0.80216205,0.7542375
) ndi wogwira ntchito m’boma kapena a ntchito awo kuti atukule ndi kuwonetsa katundu wa kampani ndi ntchito zake,• With a government worker or their employees to protect themselves and to demonstrate the property of the company and its services,• एकसरकारीकर्मचारीयाकर्मचारियोंकेसाथअपनीरक्षाकरनेकेलिएऔरकंपनीऔरउसकीसेवाओंकीसंपत्तिप्रदर्शितकरनेकेलिए,• Having a government worker or their employees to protect themselves and to show the company's position and services,• एकसरकारीकर्मचारीयाउनकेकर्मचारियोंकोअपनीरक्षाकरनेकेलिएऔरकंपनीकीस्थितिऔरसेवाओंकोदिखानेकेलिए,0.88441825,0.83897305
kuba ndalama kumachitika pamene munthu atenga zimene wazipeza atalakwa kuti ziwoneke ngati sizinapezeke munjira yolakwika,Money theft occurs when a person takes what he finds when he makes a mistake in order to make it appear that he has not been found in the wrong way,जबएकव्यक्‍तिचोरीकरताहैतबवहमिलजाताहैजबवहग़लतीकरताहैताकिउसेपताचलताहैकिउसेग़लततरीक़ेसेनहींपायागयाहै,Money theft occurs when a person takes what he finds when he makes mistakes so as to make it seem that he has not been found in the wrong way,"जबएकव्यक्‍तिजोगलतीकरताहैउसेवहमिलताहै, तोवहऐसामहसूसकरताहैकिउसेगलततरीकेसेनहींपायागयाहै",0.7017416,0.66375655
malamulo a mu mayiko ambiri amaletsa dala kugwiritsa ntchito zinthu zimene zapezeka munjira yolakwika,Laws in many countries forbid the misuse of information that has been found wrong,"बहुत - सेदेशोंमेंकानून, जानकारीकेगलतइस्तेमालसेदूररहतेहैं",Laws in many countries prohibit the misuse of knowledge that has been found to be wrong,कईदेशोंमेंकानूनऐसेज्ञानकागलतइस्तेमालकरनेसेमनाकरतेहैंजिन्हेंगलतपायागयाहै,0.9072789,0.7850232
mukuyenera kutsatira malamulo onse amene akukamba za kuba ndalama ndi malamulo amene akufuna kuti inu munene pamene mwaona ndalama ndi zinthu zina zolakwika,Why not comply with all the laws on stealing money and the laws that he wants you to say when you see money and the wrong things,पैसेऔरनियमोंकोचोरीकरनेकेबारेमेंसभीनियमोंकापालनक्योंनकरेंजिन्हेंवहचाहताहैकिआपयहकहेंकिजबआपपैसाऔरग़लतचीज़ेंदेखतेहैं,Why not follow all the laws on stealing money and the laws that he wants you to say when you see money and what is wrong?,क्योंनआपपैसेऔरउननियमोंपरअमलकरेंजोवहचाहताहैकिआपपैसाऔरक्यागलतहैं?,0.9916668,0.98354244
"mukuyenera kupeza zokwanira pa makasitomala, ma sapulaya ndi ena amene mukuchita nawo bizinesi kuti mudziwe kumene ndalama zawo zikuchokera kumabizinesi ovomerezeka","you have to get enough from customers, colleges, and other business associates to find out where their money comes from a legitimate business","आपग्राहकों, कॉलेजों, औरअन्यव्यापारसाथियोंसेपर्याप्तपानेकेलिएहैपतालगानेकेलिएजहांउनकेपैसाएकवैधव्यापारसेआताहै","You need to earn enough money from customers, colleges, and other business friends to find out where their money comes from an acceptable business","आपग्राहकों, कॉलेजों, औरअन्यव्यापारमित्रोंसेपर्याप्तपैसाकमानेकीजरूरतहैयहपतालगानेकेलिएकिउनकेपैसाएकस्वीकार्यव्यापारसेकहाँआताहै",0.8851087,0.8805094
mukuyenera kutsatira malamulo onse okhudzana ndi ndalama,to the extent that you live by all rules related to money,आपपैसेसेजुड़ेसभीनियमोंकेअनुसाररहतेहैं,to the extent that you live according to all laws related to money,आपपैसेसेजुड़ेसभीनियमोंकेमुताबिकजीतेहैं,0.9833096,0.9074205
ndi zosavomerezeka ndi malamulo a kampani kulandira ndalama ndi ma invoice,magazines that are unacceptable to the company's policy of making money and invoices,पत्रिकाएँजोकंपनीकीनीतिकेप्रतिअस्वीकार्यहैंपैसेऔरभाषामेंनिर्माणकरनेकीनीति,illegal by the company's policy of making money and money,कंपनीकीनीतिऔरपैसाबनानेकीअवैध,0.457044,0.69391495
"ndipo ndi zosavomerezeka ndi lamulo la kampani, pokha pokha ngati pali china chake ndiponso ndi ulangizi wa zamalamulo wa kampani, kulandira ndalama monga ngati ma money order kapena ma travelling cheque kapena kulandira ndalama kwa amene simukumudziwa","and illegal is the law of the company alone if there is something else and the company's legal system, accepting money such as money orders or travelling cheques or getting money from someone you do not know","औरकेवलकंपनीकाकानूनहै...... कुछऔरऔरकंपनीकीकानूनीव्यवस्था, पैसायायात्राकेआदेशोंकेरूपमेंयाकिसीसेपैसेप्राप्तकरनेकेलिएयाकिसीसेपैसेपानेकेरूपमेंस्वीकारकरें...","and company law alone if there is something and the company's legal system, accepting money such as money laws or travel or getting money from someone you do not know","औरकंपनीकानूनकेवलअगरकुछहैऔरकंपनीकीकानूनीव्यवस्था, पैसेकेरूपमेंस्वीकारयायात्रायाकिसीसेपैसाप्राप्तकरनेकेलिए",0.7396504,0.7898793
ngati ndalama zoterozo ndizovuta kuzipewa mulandire chilolezo kuchokera kwa ofisala wa ku kampani ndikutsatila zonse zimene zikugwilizana ndi malamulo a united states internal revenue service,"If such money is hard to avoid getting permission from a company official and all that is involved with the law of law, you may be able to avoid getting a license from a company officer and pay off all that is in contact with the law of law of law in the past.","अगरऐसापैसाएककंपनीअधिकारीसेऔरकानूनकेकानूनसेजुड़ेसभीलोगोंकोइजाज़तदेनेसेदूररहनामुश्‍किलहै, तोआपशायदकंपनीकेअफसरसेलाइसेंसलेनेसेदूररहजाएँऔरउनसबकोजोकानूनकेकानूनकेखिलाफहैं।","If such funds are difficult to avoid getting permission from the company's director and all that is in harmony with law law, you may avoid getting permission from an executive and paying all that is in harmony with the law of an old law.","यदिऐसेपैसेकंपनीकेनिदेशकऔरकानूनकेसामंजस्यमेंसभीजोभीहैअनुमतिप्राप्तकरनेसेदूररहनेकेलिएकठिनहैं, तोआपएकअधिकारीसेअनुमतिप्राप्तकरनेसेदूररहसकतेहैंऔरजोकुछभीपुरानेनियमकेअनुसारहैसबभुगतानकरनेसेदूररहसकतेहैं।",0.77258205,0.7874413
"mukuyenera kuwonetsetsa kuti makasitomala wonse, ma sapulaya, ndi ena wonse amene mumachita nawo bizinesi ali wololera kusunga zonse zoyenera ndikupereka malipoti","you should make sure that all customers, managers, and the rest of your business partner are willing to keep all the information and report","आपकोसुनिश्चितकरनाचाहिएकिसभीग्राहक, प्रबंधक, औरआपकेव्यापारसाथीसभीजानकारीऔररिपोर्टरखनेकेलिएतैयारहैं","You must make sure that all customers, neighbors, and other business associates are willing to keep all the information and report","आपकोइसबातकाध्यानरखनाचाहिएकिसभीग्राहक, पड़ोसीऔरदूसरेव्यवसायसाथीसारीजानकारीऔररिपोर्टरखनेकेलिएतैयारहैं",0.8964979,0.8409666
dziwani ndi kuchita monga mwa malamulo,Know and act in harmony with the law,कानूनकेमुताबिककामकरनाऔरउसकेमुताबिककामकरना,Know and act in harmony with the law,कानूनकेमुताबिककामकरनाऔरउसकेमुताबिककामकरना,0.76831675,0.76831675
podziwa ndikumvetsetsa ndikulondola malamulo a kampaniwa ndi zimene zingatipangitse kukhala a chitsanzo,Knowing and applying the company's rules is what will make us exemplary,कंपनीकेनियमोंकोजाननाऔरलागूकरनाहमेंआदर्शबनानेकेलिएहोगा,It is the knowledge and application of company laws that can set a good example for us,यहकंपनीकेनियमोंकाज्ञानऔरअनुप्रयोगहैजोहमारेलिएएकअच्छाउदाहरणरखसकतेहैं,0.9049645,0.8213939
dziwani lamulo ndikufunsa mafunso,Get to know the law and ask questions,कानूनजाननेऔरसवालपूछनेकेलिएआइए,Know the Law and ask questions,कानूनकेबारेमेंजानलीजिएऔरसवालपूछिए,0.93550456,0.94300056
mukuyenera kudziwa malamulo amene akukhudzana ndi ntchito ndi udindo wanu,need to know what rules are involved with work and responsibility,"कामऔरज़िम्मेदारीकेसाथकौन - सेनियमशामिलहैं, यहजाननेकीज़रूरतहै",The importance of knowing what rules are involved in work and responsibility,कामऔरज़िम्मेदारीमेंकौन - सेनियमशामिलहैंयहजाननाज़रूरीहै,0.9248826,0.92007977
"ngati simukudziwa lamulo la kampani, ngati lilipo, funsani a cco kapena ccm a kampani yanu","If you do not know the law of the company, if available, consult your company's credit card or picture","अगरआपकंपनीकेकानूननहींजानते, तोअपनेकंपनीकेक्रेडिटकार्डयातस्वीरकीसलाहलें","If you do not know the company's law, if there is one, ask for a credit card from your company or photo","आपकंपनीकेकानूननहींजानतेहैं, अगरवहाँएकहै, अपनेकंपनीयातस्वीरसेक्रेडिटकार्डकेलिएपूछें",0.8615662,0.9619027
musamangoganizira zinthu,Keep your mind focused on things,अपनाध्यानबातोंपरलगाएरखिए,Keep your mind focused on things,अपनाध्यानबातोंपरलगाएरखिए,0.6843168,0.6843168
musaganize kuti akulu akulu akudziwa kapena sakusamala za chinthu china choncho muyenera kufunsa kuti mudziwe,"Do not assume that the elders do not know or care about something, so you need to ask for knowledge","यहमतसोचिएकिप्राचीनकिसीचीज़केबारेमेंनहींजानतेयाउनकीपरवाहनहींकरते, इसलिएआपकोज्ञानमाँगनेकीज़रूरतहै","Do not think that elders do not know or care about something, so you need to ask for information","यहमतसोचिएकिप्राचीनकिसीबातकोनहींजानतेयाउनकीपरवाहनहींकरते, इसलिएआपकोजानकारीमाँगनेकीज़रूरतहै",0.8033147,0.8402862
"komanso, musaganize kuti china chake sichikonzedwa","and, don't think something isn't planned","और, कुछयोजनानहींहैलगतानहींहै","and, don't think something isn't planned","और, कुछयोजनानहींहैलगतानहींहै",0.81534207,0.81534207
akulu akulu a aoi ndi wodzipereka kuwonetsetsa kuti za malamulo zimene zikuyenera kuchitika zikutsatidwa,The local elders are willing to make sure that the laws that should be met,स्थानीयप्राचीनयहनिश्‍चितकरनेकेलिएतैयारहैंकिजोनियममिलतेहैंउन्हेंपूराकियाजानाचाहिए,Local elders are eager to make sure that laws must be met,स्थानीयप्राचीननिश्‍चितकरनेकेलिएउत्सुकहैंकिनियमोंकोपूराकियाजानाचाहिए,0.61436343,0.6101304
tifuna mutiwuze ngati pena palakwika,We want to tell us if something goes wrong,हमहमेंबतानाचाहतेहैंअगरकुछगलतहोजाताहै,We want to tell us if something is wrong,हमहमेंबतानाचाहतेहैंअगरकुछगड़बड़है,0.78594875,0.7944747
"musangoyang’anira zolakwikazi, mukanene","Do not be overly critical of them, telling them",उनसेहद - से - ज़्यादाकीमाँगमतकीजिए,"Do not be overly critical of them, telling them",उनसेहद - से - ज़्यादाकीमाँगमतकीजिए,0.5014342,0.5014342
tikuyenera kuyika pa mtima malamulo akampani,We should be honest with the company's laws,हमकंपनीकेनियमोंकेसाथईमानदारहोनाचाहिए,We must be honest with company laws,हमकंपनीकेनियमोंकेसाथईमानदारहोनाचाहिए,0.6884389,0.6884389
"ngati mukuwona kuti wina akuphwanya malamulowa, tsatirani njira zoyenera kuti muzikonze","If you feel that someone is breaking these rules, take appropriate steps to correct them","अगरआपकोलगताहैकिकोईइननियमोंकोतोड़रहाहै, तोउन्हेंसुधारनेकेलिएसहीकदमउठाइए","If you feel that someone is breaking these laws, take steps to correct them","अगरआपकोलगताहैकिकोईइननियमोंकोतोड़रहाहै, तोउन्हेंसुधारनेकेलिएकदमउठाइए",0.8830679,0.784973
"nenani kwa ccd a kampani kapena kwa manijala wowona za compliance wa mu dera lanu, wowona za audit mu bodi ya ma dayilekitala kapena yimbani foni panambala ya ulere (mobisa ngati simukufuna kudziwika)","Talk to a company director or to a local company manager, an auditist in a credit card or phone call on a free telephone (in secret if you don't want to be known)","कंपनीकेनिर्देशकसेबातकरेंयास्थानीयकंपनीप्रबंधकसेबातकरें, एकक्रेडिटकार्डयाफोनपरएकमुफ्तटेलिफोनकॉल (याअगरआपज्ञातनहींहै)","Talk to a company manager or manager of a local company, a credit card expert or a phone call (in secret if you don't want to be known)","एकस्थानीयकंपनीकेकंपनीप्रबंधकयाप्रबंधकसेबातकरें, एकक्रेडिटकार्डविशेषज्ञयाफोनकॉल (गुप्तमेंअगरआपजानानहींचाहतेहैं)",0.8352395,0.804606
musakakamizidwe,Do not be pressured,दबावनहींकियाजासकता,Do Not Be Frightened,निष्कपटमतबनिए,0.56435156,0.5626488
"sikololedwa kuphwanya lamulo, kapena kukakamizidwa kuti mutero – ngakhale kuphwanya lamulo kungathandize kuti mukwaniritse zolinga zanu","not being punished with law, or being forced to do so even if it is illegal can help you reach your goals","कानूनकेमुताबिकसज़ानहींदीजासकती, फिरचाहेवहगैरकानूनीहोयागैरकानूनीहो, आपअपनेलक्ष्योंतकपहुँचनेमेंआपकीमददकरसकतेहैं","Not being disciplined by law, or forced to do so even if it is illegal can help you reach your goals","कानूनकेमुताबिकअनुशासननहींदियाजासकता, फिरचाहेवहगैर - कानूनीक्योंनहो, आपअपनेलक्ष्योंतकपहुँचनेमेंआपकीमददकरसकतेहैं",0.8949988,0.9439746
"tiyi ndi imodzi mwa mbewu zothandiza ku mwera ndi kum'mawa kwa afilika, ndipo imathandiza alimi ambiri kupeza ndalama","A cup of tea is one of the most useful plants in the south and east of a breakfast, and it helps many farmers to earn money","एककपचाय, दक्षिणऔरएकनाश्‍तेकेपूर्वमेंसबसेउपयोगीपौधोंमेंसेएकहै, औरयहअनेककिसानोंकोपैसाकमानेमेंमददकरताहै","A cup of tea is one of the most important plants in the southeast and east of the breakfast, and it helps many farmers to earn money","चायकाप्याला, दक्षिण - पूर्वऔरनाश्‍तेकेपूर्वमेंसबसेमहत्त्वपूर्णपौधेमेंसेएकहै, औरयहअनेककिसानोंकोपैसाकमानेमेंमददकरताहै",0.7653407,0.6305582
"koma ngati alimi satsatira ndondomeko yoyenerera pa ulimi wa mbewuyi, chilengedwe, madzi ndi nthaka zimawonongeka, komanso ogwira ntchito pa mundapo amavutika","On the other hand, if farmers fail to maintain proper order on agriculture, the environment, the water, and the soil are damaged, as well as the work force at the farm","दूसरीओर, यदिकिसानखेती - बाड़ी, वातावरण, पानी, औरमिट्टीकोनष्टकरदेतीहै, औरसाथहीखेतीपरकाम - काजबलकोकमज़ोरकरदेतेहैं","On the other hand, if farmers fail to maintain a proper pattern of agriculture, housing, water, and land, as well as farm workers","दूसरीओर, यदिकिसानखेती - बाड़ी, मकान, पानीऔरज़मीन, साथहीखेतकेमज़दूरोंकाउचितनमूनाबनाएरखनेमेंचूकजातेहैं",0.75411433,0.86313534
choncho ulimi wa tiyi umenewo si umapitiliranso,So the sugar crop is no longer grown,सोगन्‍नेकीफसलअबबढ़गयीनहींहै,So sugar is no longer growing,सोचीनीअबबढ़तीनहींजारहीहै,0.78618073,0.86696965
kugwiritsa ntchito mankhwala si njira yokhayo yotetezela mbewu ku tizilombo ndi matenda,Drug use is not the only way to protect crops against insects and disease,कीड़ोंऔरबीमारियोंसेलड़नेकेलिएदवाओंकाइस्तेमालकरनाहीएकमात्रतरीकानहींहै,Drug abuse is not the only way to protect crops against insects and disease,नशीलीदवाओंकादुरुपयोगकीड़ोंऔरबीमारियोंसेलड़नेकाएकमात्रतरीक़ानहींहै,0.876606,0.8110411
"ngati tiyi akusamalidwa bwino mu afilika, atha kupilira ku tizilombo popanda kuthira mankhwala","If a cup of tea is well cared for, it can be transmitted to insects without being treated","यदिएककपचायकीअच्छीतरहदेखभालकीजातीहै, तोइसेबिनाइलाजकिएकीड़ोंमेंमिलायाजासकताहै","If a cup of tea is well cared for, it can be passed on to insects without treatment","यदिएककपचायकीअच्छीतरहदेखभालकीजातीहै, तोइसेबिनाइलाजकिएकीड़ोंकेपारकियाजासकताहै",0.7891145,0.82716024
kupopera mankhwala kukhoza kuwononga chitetezo cha mbewu ndikupangitsa kuti matenda ayambe,spraying can damage crops's safety and cause disease,जाँचसेफसलकीसुरक्षाभंगहोसकतीहैऔरबीमारीकाकारणबनसकतीहै,Medical treatment can damage crops's safety and cause disease,चिकित्साउपचारफसलसुरक्षाऔरबीमारीकोक्षतिपहुँचासकतेहैं,0.9429086,0.93825024
"mu gawo limeneli, tiphunziramo za m'mene tingapewere matenda ndi tizilombo","in this area, we will learn how to prevent disease and insects","इसक्षेत्रमें, हमरोगऔरकीड़ोंकोरोकनेकेलिएकैसेसीखसकतेहैं","In this area, we will see how we can avoid disease and insects","इसक्षेत्रमें, हमदेखेंगेकिहमरोगऔरकीड़ोंसेकैसेबचसकतेहैं",0.6535841,0.68836504
"ngati mwabzala phata latsopano la tiyi, musankhe mbewu za tiyi zomwe zimapilira ku matenda ndi tizilombo tomwe timaononga tiyi","If you have planted a new cup of tea, choose some tea seeds that are resistant to disease and bacteria that damage a cup of tea","यदिआपनेचायकानयाप्यालालगायाहै, तोकुछचायकेबीजचुनिएजोबीमारीऔरजीवाणुओंसेजूझरहेहैंजोएककपचायकोक्षतिपहुँचातेहैं","If you have planted a new cup of tea, choose sugars that are resistant to disease and bacteria that damage a cup of tea","अगरआपनेएकनयाकपचायबनायाहै, तोऐसेचीनीचुनेंजोबीमारीऔरजीवाणुओंसेजूझरहेहैंजोएककपचायकोनुकसानपहुँचातेहैं",0.9137833,0.9554926
ndibwino kubzala mbewu zambiri za tiyi osakhala imodzi yokha,It is good to plant more than one cup of tea,एकसेज़्यादाचायबनानाअच्छाहै,It is good to eat tea in a few taps,कुछनलमेंचायखानाअच्छाहै,0.68258005,0.76953375
"ngati mwabzala mbewu za tiyi zosiyana, muzibzale mtundu uliwonse padera kuti musavutike pozisamalira","If you have planted different cups of tea, make sure that you have a balanced diet","अगरआपनेचायकेअलग - अलगप्यालेलगाएहैं, तोनिश्‍चितकीजिएकिआपकेपाससंतुलितआहारहै","If they have a wide variety of cups, make sure that you have good food","औरउनकेपासनिगाहेंबचाएरखनेवालीस्त्रियाँहोंगी, जोसमानअवस्थाकीहोंगी",0.7645385,0.82208425
"ngati mundawo unagwidapo ndi matenda owononga mizu, matendawa atha kukhala kuti atsalira mu mitengo imene idakali m'mundamo","If the garden has ever been infected with root disease, the disease may remain in trees still in the garden","अगरबागमेंजड़सेबीमारीफैलीहुईहै, तोयहबीमारीअबभीबागमेंपेड़ोंमेंबनीरहतीहै","If the garden has ever been infected with a root disease, the disease may still be in trees that are still in the field","अगरबागमेंजड़सेबीमारीफैलीहुईहै, तोयहबीमारीउनपेड़ोंमेंभीहोसकतीहैजोआजभीमैदानमेंहैं",0.8496305,0.99932945
"choncho, ndikoyenera kuti matendawa athetsedwe pogwiritsa ntchito njira yosadzula mitengo","Thus, it is only reasonable that the disease will be eliminated by means of a way that does not cut down trees","इसप्रकार, यहकेवलतर्कसंगतहैकिइसबीमारीकोएकऐसेतरीक़ेसेनष्टकियाजाएगाजोपेड़ोंकोकाटनहींडालता","It is wise, therefore, that the disease will be eliminated in a way that does not cut down trees",इसलिएबुद्धिमानीइसीमेंहैकिइसबीमारीकोएकऐसेतरीक़ेसेमिटादियाजाएजोपेड़ोंकोकाटनहींडालता,0.7586913,0.6333595
iyi ndi njira imene mumasadzula makungwa a mtengo,This is the way you cut down the bark of a tree,आपएकपेड़कीछालकाटजिसतरहसेहै,That is how you cut down a tree,"इसप्रकारतुमएकवृक्षकाटरहेहो,",0.65332603,0.71510553
kuphimba tiyi komanso kuonetsetsa kuti phata la tiyi liri pa mlingo wabwino zimathandizila kuti dzuwa lisaombe pa nthaka,Covering a cup of tea as well as making sure that the root of tea is in good condition helps to prevent the sun from beating on the ground,"चायकोएककपसेढकना, साथहीयहनिश्‍चितकरनाकिचायकीजड़अच्छीस्थितिमेंहै, सूरजकोमारनेसेरोकनेमेंमददकरताहै",Cleaning the cup of tea and making sure that the root of tea is safe helps to prevent the sun's rising to the ground,"चायकाकटोरासाफकरनाऔरयहसुनिश्चितकरनाकिचायकीजड़सुरक्षितहै, सूरजकीगर्मीकोज़मीनपरआनेसेरोकनेकेलिएमददकरताहै",0.5747955,0.7737372
izi zimathandizira kuti zomera zosafunikira zisamele,This helps to prevent unwanted plants from growing,यहपौधोंकोबढ़नेसेबचानेमेंमददकरताहै,This helps to protect plants that need not be cultivated,यहपौधोंकीरक्षाकरनेमेंमददकरताहैजिन्हेंविकसितकरनेकीज़रूरतनहींहै,0.61152774,0.6877261
ndibwino kupalira ndi manja chifukwa kupalira ndi khasu kumathanso kuwononga mizu ya tiyi,"It may also be necessary to hold your hands in check, which can damage the roots of tea","यहभीज़रूरीहोसकताहैकिआपअपनेहाथोंकोजाँचकरजाँचकरें, जोचायकीजड़ोंकोक्षतिपहुँचासकताहै","It may also be necessary to put your hands in your shoulders, which can damage the roots of tea","यहभीज़रूरीहैकिआपअपनेकंधोंपरहाथरखें, जिससेचायकीजड़ेंबिगड़सकतीहैं",0.93278,0.8378324
"mbewu zimenezi ndi monga mthuthu (tephrosia vogelli- mtundu wa chomera umene umagwiritsidwa ntchito yopangila mankhwala a m'munda), tagetes minuta (mtundu wa chomera umene uli mgulu la mpendadzuwa), anyezi ndi adyo","These plants include tephrosia vogelli- a plant that is used to make herbs for the field), tagetes minita (a plant that is part of the sun study group), green and green","इनपौधोंमेंसेएकपौधेहैटोसोसोसियावोपौधेजोक्षेत्रकेलिएजड़ी - बूटीबनानेकेलिएप्रयोगकियाजाताहै, टैगकमा (एकपौधाजोसूरजकाअध्ययनसमूहकाहिस्साहै), हराऔरहरा","These plants include tephrosia vogelli- a plant that is used to produce vegetable plants), tageespta (a plant that is part of the sun study group), green and green","इनपौधोंमेंबफलोसियाकापौधाभीशामिलहैजोवनस्पतिपौधोंकोउत्पन्‍नकरनेकेलिएप्रयोगकियाजाताहै, टैगर (एकपौधेजोसूरजकाअध्ययनसमूहकाहिस्साहै), हराऔरहराहरा",0.6038717,0.7551493
"ngati mukuwona kuti mitengo ili ndi ti zilonda pa tsinde ndi nthambi, dziwani kuti izi ndi zizindikiro za matenda owoletsa mitengo","If you see that trees have sores on the roots and branches, be assured that these are symptoms of tree control","अगरआपकोलगताहैकिपेड़कीजड़ेंजड़औरडालियोंपरबहुतभारीहोतीहैं, तोयकीनरखिएकियेपेड़केनियंत्रणकेलक्षणहैं","If you see that trees have sores on roots and branches, be assured that these are signs of tree control","यदिआपदेखतेहैंकिपेड़कीजड़ेंजड़औरशाखाओंपरबुरीतरहगिरीहुईहैं, तोआश्‍वस्तरहिएकियेपेड़नियंत्रणकेचिन्हहैं",0.66414213,0.54053473
awa ndi matenda amene amagwira mtengo kudzela mu tizilonda timene timadza chifukwa chakuti mtengo wakhapidwa,This is a condition that affects a tree in the walls that come out of a cut - out tree,यहएकऐसीस्थितिहैजोदीवारमेंएकपेड़कोप्रभावितकरतीहैजोकाट - काटकेपेड़सेनिकलजातीहै,This is a situation that affects a tree in the walls that come out of a cut - out tree,यहएकस्थितिहैजोदीवारमेंएकवृक्षकोप्रभावितकरतीहैजोकाट - काटकेपेड़सेनिकलजातीहै,0.8021518,0.8494171
mtengo utha kukhapidwa pamene mukupalira ndi khasu komanso tizilombo ndi makoswe zitha kubowola mtengo,A tree can be cut down as you cry out to the ground as well as insects and rats can break down a tree,एकपेड़कोकाटदियाजासकताहैऔरआपज़मीनपररोरहेहैंऔरकीड़ेऔरचूहेपेड़कोतोड़सकतेहैं,A tree can be cut down as you cry out on the ground along with insects and rats can break down a tree,एकपेड़कोकाटदियाजासकताहैजबआपकीड़े - मकौड़ोंऔरचूहेकेसाथज़मीनपरचिल्लारहेहोतेहैं,0.64038986,0.5490821
"kuti muthane ndi udzudzu wa tiyi, mukuyenera kutchola masamba anthete a tiyi ndikusiya masamba okhwima","To fight a tea mosquito, you must dry the young tea leaves and leave mature leaves","चायकेमच्छरोंसेलड़नेकेलिए, आपछोटेचायकीपत्तियाँसुखानाऔरप्रौढ़पत्तोंकोछोड़देनाचाहिए","To fight a tea mosquito, you must clean small tea leaves and leave behind large leaves","चायकेमच्छरोंसेलड़नेकेलिए, आपकोछोटेचायकीपत्तियाँसाफकरकेबड़े - बड़ेपत्तोंकोछोड़देनाचाहिए",0.7537061,0.6490439
"potchola masamba onse anthete amene amadyedwa ndi udzudzu wa tiyi, zimathandiza kuti udzudzuwu usapitilire","When all the young leaves eaten by a tea mosquito, they keep the mosquito alive","जबसभीयुवाचायकेद्वाराखायाजाताहै, तोवेमच्छरकोजीवितरखतेहैं","When all small leaves are eaten by a tea mosquito, the mosquitoes are alive",मच्छरोंकाशिकारहोनेपरमच्छरज़िंदारहतेहैं,0.8823672,0.9245013
mbalame zina zimadya tizilombo ndikuchepetsa chiwerengero chatizilomboti,Some birds feed on insects and reduce their number of species,कुछपक्षीकीड़ेखातेहैंऔरउनकीसंख्याकमहोतीहै,Some birds feed on insects and reduce their species,कुछपक्षीकीड़ेखातेहैंऔरअपनीजातिकोकमकरतेहैं,0.7787825,0.556705
mukapopela mankhwala tizilombo pamodzi ndi mbalame zomwe zimafa,Carding insects along with birds who die,कीड़ोंकेसाथ - साथपक्षियोंकोभीजानाजाताहैजोमरजातेहैं,Carrying insects along with birds who die,कीड़ोंकेसाथ - साथपक्षियोंकोभीइकट्ठाकरनाजोमरजातेहैं,0.5738065,0.5473133
"posapopela mankhwala, mumateteza mbalamezi zimene zimathandiza pochepetsa tizilombo","Without the aid of chemicals, you protect the birds that help control insects","रसायनोंकीमददकेबिना, आपउनपक्षियोंकीरक्षाकरतेहैंजोकीड़ोंकोकाबूमेंरखनेमेंमददकरतेहैं","Without drugs, it protects birds that help protect insects",यहउनपक्षियोंकीरक्षाकरताहैजोकीड़ोंकीरक्षाकरतेहैं,0.81668556,0.78992987
"mukatha kupopera mankhwala, muyenera kutsuka zipangizo zothiririra mankhwala ndi zozitetezera","After the spraying is done, you need to wash the equipment and the protection system","जबबुखारकमहोजाए, तोआपकोउपकरणऔरसुरक्षाप्रणालीकोधोनेकीज़रूरतहै","After the removal, you need to wash the utensils and the system of defense","हटानेकेबाद, आपकोबरतनोंऔररक्षाप्रणालीकोधोनेकीज़रूरतहै",0.896654,0.9319462
"madzi otsukira amatsalira mankhwala, ndiye ngati simusamala, akhoza kuononga chilengedwe","A solution is left, and if you don't take care of it, it can ruin the environment","समाधानबचाहै, औरयदिआपइसकीपरवाहनहींकरतेहैं, तोयहपर्यावरणकोनष्टकरसकताहै","The solution remains, and if you do not take care of it, it can ruin the environment","समस्याबनीरहतीहै, औरयदिआपउसकीदेख - रेखनहींकरते, तोयहपर्यावरणकोनष्टकरसकताहै",0.9557948,0.9579042
"mukapopera mankhwala m'madimba a masamba, tsukani zida ndikuthira madzi m'dimba momwemo","If you pump chemicals into leaf gardens, wash weapons and pour water into the garden","अगरआपरसायनोंकोपत्तेकेबागमेंबिछातेहैं, तोहथियारधोइएऔरबागमेंपानीदीजिए","If you water the leaf fields, wash weapons and pour water into the garden","यदितूपत्तेकेखेतोंकोजलसेसींचे, तोहथियारधोकरबारीमेंजलभरदे।",0.77109444,0.79095036
"mukapopera mankhwala zifuyo, tsukani zida ndikutaya madzi mdzala/mdzenje","If you spray up animals, wash weapons and throw water into a hole","यदिआपजानवरोंकोफोड़तेहैं, हथियारधोतेहैंऔरएकछेदमेंपानीफेंकदेतेहैं","If you swallow meat, wash weapons and throw water into a pit","यदितूमांसनिगलजाए, तोहथियारधोकरगड़हेमेंजलफेंकदे",0.75544906,0.4996407
mdzenje muyenera kudzadza makala omwe amathandiza kuyeretsa madzi,You need to fill a hole with lead that helps clean up water,आपकोएकछेदकोऐसेलेजानेकीज़रूरतहैजोपानीकोसाफकरनेमेंमदददेताहै,You must fill a lead - rich hole that helps clean up water,आपकोएकऐसाबड़ाछेदभरनाहोगाजोपानीकोसाफकरनेमेंआपकीमददकरताहै,0.70312226,0.7608212
osadula mitengo yachilengedwe kuti mupange makala,Do not cut down natural trees to make lead,अगुवाईकरनेकेलिएप्राकृतिकपेड़ोंकोकाटनदीजिए,Do not cut down forest trees to make lead,मार्गबनानेकेलिएवनपेड़काटनहींहै,0.65956795,0.98564833
kumbukiraninso kuchapa zovala zozitetezera,"Remember, too, the washing of protective clothes","साथही, सुरक्षितकपड़ेधोनेकोभीयादरखिए","Remember, too, the washing of protective clothing",यहभीयादरखिएकिसुरक्षाकेकपड़ेधोनेकीआदत,0.736652,0.82073534
madzi ochapira atayidwe monga tafotokozera pamwambapa,"Washed water, as mentioned above","जैसेऊपरबतायागयाहै, जलधोइए","Water for bathing, as mentioned above","जैसेऊपरबतायागयाहै, नहानेकेलिएपानी",0.83872855,0.5356285
